name,phone_number,address,contact_name
Sales Corporation,57156239151,"3449 Broad Vista, Dinsmore, Iowa, 51393-1667, US, (319) 112-9757",Jessie Weyandt
SalesGrossSales,77534391403,"3268 Burning View, Spotted Horn, Alaska, 99769-5624, US, (907) 326-1919",Tyrone Montalvan
Gross Sales Sales,39291506877,"7163 Bright Blossom Manor, Candlewicke, Oklahoma, 73160-4358, US, (918) 484-0529",Katy Hedgepath
Sales Ray,15376409124,"5324 Cinder Mountain, Yellowjacket, Oklahoma, 74818-0134, US, (580) 276-4263",Cody Joye
Rapid Sales,17839267002,"9723 Lazy Oak Mall , Strong City, New Hampshire, 03387-9198, US, (603) 773-1781",Elnora Stickley
Sales Method,85134059979,"8127 Foggy Edge, Rama, Rhode Island, 02946-4234, US, (401) 584-2744",Clinton Brizendine
Sales Slim,33879658183,"6563 Pleasant Lake Downs, Moccasin, South Dakota, 57512-6148, US, (605) 383-5643",Kelly Cockburn
Big Revenue Sales,98735279781,"9502 Merry Wagon Route, Telbasta, Rhode Island, 02867-1005, US, (401) 706-8867",Katy Osman
Dynamic Sales,56219151372,"9089 Tawny Nectar Abbey, Ogle, Montana, 59991-3980, US, (406) 059-0039",Benita Swasey
IntelliSales,79123852734,"2259 Honey Wynd, Gayhead, Oklahoma, 74026-4156, US, (918) 898-5191",Eve Vandoren
Big Sales Income,96186396688,"8366 Grand Island, Golightly, Missouri, 63624-0139, US, (573) 500-1655",Selena Malveaux
Sales Stars,82152941171,"5537 Middle Pioneer Bend, Senlac, Colorado, 81674-1423, US, (719) 896-7541",Javier Lacount
Big Player Sales,25950015571,"1263 Silver Fox Swale, Sublimity City, Rhode Island, 02920-2272, US, (401) 980-7233",Julio Crisci
Huge Revenue Salesmen,32419788182,"7307 Amber Pointe, Big Reedy, West Virginia, 26967-6489, US, (304) 596-0723",Guy Arends
SalesSales,94597738107,"8155 Umber Pony Diversion, Krumroy, Rhode Island, 02873-6881, US, (401) 361-3958",Roslyn Tibbits
We Sell It,62043841575,"9761 Harvest Autumn Village, Zipp, Virginia, 24053-1441, US, (540) 479-9963",Tyrone Magnus
Sales Ace,41187235122,"4588 Clear Quail Highway, Cuthi Uckehaca, Virginia, 22789-9658, US, (571) 321-9435",Christian Frampton
Fast Sales,65770106341,"3353 Silent Highlands, Devils Den, North Carolina, 28983-2984, US, (828) 041-8035",Avis Nulph
Big Bang Sales,37648137039,"9104 Velvet Beacon Trail, Cheat Lake, Colorado, 80829-3507, US, (720) 433-5240",Lonnie Demko
Sales Deals,27019302040,"4349 High Gate Crescent, Waxahachie, Rhode Island, 02970-1975, US, (401) 496-5443",Ashlee Slaugh